{
  "name": "highlightjs",
  "version": "8.4.0",
  "main": [
    "highlight.pack.js",
    "styles/default.css"
  ],
  "ignore": [
    "**/.*",
    "node_modules",
    "vendor",
    "components"
  ],
  "homepage": "https://github.com/components/highlightjs",
  "_release": "8.4.0",
  "_resolution": {
    "type": "version",
    "tag": "8.4.0",
    "commit": "f27b85bc25d6c70c69347e77193688ec562ce2eb"
  },
  "_source": "git://github.com/components/highlightjs.git",
  "_target": "~8.4.0",
  "_originalSource": "highlightjs",
  "_direct": true
}